{"cameraMode":{"drawMode":0,"name":"Shaded","section":"Shading Mode"},"sceneLighting":false,"audioPlay":false,"sceneViewState":{"m_AlwaysRefresh":true,"showFog":true,"showSkybox":false,"showFlares":true,"showImageEffects":true,"showParticleSystems":true,"showVisualEffectGraphs":true,"m_FxEnabled":true},"in2DMode":false,"pivot":{"x":45.35149002075195,"y":50.94860076904297,"z":88.27938842773438},"rotation":{"x":0.04932169243693352,"y":-0.6294618248939514,"z":0.040089044719934466,"w":0.7744318246841431},"size":1.6218492984771729,"orthographic":false}