{"cameraMode":{"drawMode":0,"name":"Shaded","section":"Shading Mode"},"sceneLighting":false,"audioPlay":false,"sceneViewState":{"m_AlwaysRefresh":false,"showFog":false,"showSkybox":false,"showFlares":false,"showImageEffects":false,"showParticleSystems":false,"showVisualEffectGraphs":true,"m_FxEnabled":true},"in2DMode":false,"pivot":{"x":0.0007783174514770508,"y":1.0579091310501099,"z":-0.005291581153869629},"rotation":{"x":0.022440264001488687,"y":0.9653286933898926,"z":-0.08857411891222,"w":0.24454665184020997},"size":1.37250816822052,"orthographic":false}