{"cameraMode":{"drawMode":0,"name":"Shaded","section":"Shading Mode"},"sceneLighting":false,"audioPlay":false,"sceneViewState":{"m_AlwaysRefresh":true,"showFog":true,"showSkybox":false,"showFlares":true,"showImageEffects":true,"showParticleSystems":true,"showVisualEffectGraphs":true,"m_FxEnabled":true},"in2DMode":false,"pivot":{"x":58.79100036621094,"y":57.83243179321289,"z":106.97071838378906},"rotation":{"x":0.07200872153043747,"y":0.7499390244483948,"z":-0.08551295846700669,"w":0.6519994735717773},"size":0.8660253882408142,"orthographic":false}