{"cameraMode":{"drawMode":0,"name":"Shaded","section":"Shading Mode"},"sceneLighting":false,"audioPlay":false,"sceneViewState":{"m_AlwaysRefresh":false,"showFog":false,"showSkybox":false,"showFlares":false,"showImageEffects":false,"showParticleSystems":false,"showVisualEffectGraphs":true,"m_FxEnabled":true},"in2DMode":false,"pivot":{"x":-0.07531160116195679,"y":1.0804327726364136,"z":0.7801390290260315},"rotation":{"x":-0.00425175903365016,"y":0.9947518706321716,"z":-0.046290408819913867,"w":-0.09127455949783325},"size":0.7692784667015076,"orthographic":false}