{"cameraMode":{"drawMode":0,"name":"Shaded","section":"Shading Mode"},"sceneLighting":false,"audioPlay":false,"sceneViewState":{"m_AlwaysRefresh":false,"showFog":false,"showSkybox":false,"showFlares":false,"showImageEffects":false,"showParticleSystems":false,"showVisualEffectGraphs":true,"m_FxEnabled":true},"in2DMode":false,"pivot":{"x":0.0754440426826477,"y":1.065819501876831,"z":0.2698133587837219},"rotation":{"x":0.0029675017576664688,"y":-0.9959576725959778,"z":-0.08235381543636322,"w":-0.03588837757706642},"size":1.6849205493927003,"orthographic":false}